-- phpMyAdmin SQL Dump
-- version 5.0.2
-- https://www.phpmyadmin.net/
--
-- Servidor: 127.0.0.1
-- Tiempo de generación: 29-10-2021 a las 21:54:15
-- Versión del servidor: 10.4.11-MariaDB
-- Versión de PHP: 7.4.4

SET SQL_MODE = "NO_AUTO_VALUE_ON_ZERO";
START TRANSACTION;
SET time_zone = "+00:00";


/*!40101 SET @OLD_CHARACTER_SET_CLIENT=@@CHARACTER_SET_CLIENT */;
/*!40101 SET @OLD_CHARACTER_SET_RESULTS=@@CHARACTER_SET_RESULTS */;
/*!40101 SET @OLD_COLLATION_CONNECTION=@@COLLATION_CONNECTION */;
/*!40101 SET NAMES utf8mb4 */;

--
-- Base de datos: `jbb_reservas`
--

-- --------------------------------------------------------

--
-- Estructura de tabla para la tabla `captcha`
--

CREATE TABLE `captcha` (
  `captcha_id` bigint(13) UNSIGNED NOT NULL,
  `captcha_time` int(10) UNSIGNED NOT NULL,
  `ip_address` varchar(45) NOT NULL,
  `word` varchar(20) NOT NULL
) ENGINE=InnoDB DEFAULT CHARSET=latin1;

-- --------------------------------------------------------

--
-- Estructura de tabla para la tabla `horarios`
--

CREATE TABLE `horarios` (
  `id_horario` int(10) NOT NULL,
  `hora_inicial` datetime NOT NULL,
  `hora_final` datetime NOT NULL,
  `numero_cupos` smallint(1) NOT NULL,
  `numero_cupos_restantes` smallint(1) NOT NULL DEFAULT 0,
  `estado` tinyint(1) NOT NULL DEFAULT 1 COMMENT '1:Iniciada;2:En proceso;3:Cerrada',
  `disponible` tinyint(1) NOT NULL DEFAULT 1 COMMENT '1:Disponible;2:Bloquada por usuario;3:Bloqueada por administracion',
  `fecha_bloqueo` datetime NOT NULL
) ENGINE=InnoDB DEFAULT CHARSET=latin1;

--
-- Volcado de datos para la tabla `horarios`
--

INSERT INTO `horarios` (`id_horario`, `hora_inicial`, `hora_final`, `numero_cupos`, `numero_cupos_restantes`, `estado`, `disponible`, `fecha_bloqueo`) VALUES
(1, '2021-03-02 14:00:00', '2021-03-02 14:30:00', 5, 0, 3, 1, '2021-03-01 21:59:00'),
(2, '2021-03-02 14:30:00', '2021-03-02 15:00:00', 340, 127, 1, 1, '2021-03-01 15:48:43'),
(3, '2021-03-02 15:00:00', '2021-03-02 15:30:00', 340, 127, 2, 1, '2021-03-01 21:56:49'),
(4, '2021-03-02 15:30:00', '2021-03-02 16:00:00', 340, 127, 1, 1, '2021-03-01 15:42:41'),
(5, '2021-03-02 16:00:00', '2021-03-02 16:30:00', 340, 127, 2, 1, '2021-03-01 21:57:57'),
(6, '2021-03-02 16:30:00', '2021-03-02 17:00:00', 340, 127, 1, 1, '2021-03-01 15:32:49'),
(7, '2021-03-03 14:00:00', '2021-03-03 14:30:00', 340, 127, 2, 1, '2021-03-01 13:30:35'),
(8, '2021-03-03 14:30:00', '2021-03-03 15:00:00', 340, 127, 2, 1, '2021-03-01 21:30:33'),
(9, '2021-03-03 15:00:00', '2021-03-03 15:30:00', 340, 127, 1, 1, '2021-03-01 22:00:53'),
(10, '2021-03-03 15:30:00', '2021-03-03 16:00:00', 340, 127, 2, 1, '2021-03-01 15:22:33'),
(11, '2021-03-03 16:00:00', '2021-03-03 16:30:00', 340, 127, 1, 1, '2021-03-01 14:47:47'),
(12, '2021-03-03 16:30:00', '2021-03-03 17:00:00', 340, 127, 1, 1, '2021-03-01 15:34:27'),
(13, '2021-03-04 14:00:00', '2021-03-04 14:30:00', 340, 127, 2, 1, '2021-03-01 15:41:57'),
(14, '2021-03-04 14:30:00', '2021-03-04 15:00:00', 340, 127, 1, 1, '2021-03-01 15:32:14'),
(15, '2021-03-04 15:00:00', '2021-03-04 15:30:00', 340, 127, 1, 1, '2021-03-01 15:18:27'),
(16, '2021-03-04 15:30:00', '2021-03-04 16:00:00', 340, 127, 1, 1, '2021-03-01 22:08:22'),
(17, '2021-03-04 16:00:00', '2021-03-04 16:30:00', 340, 127, 1, 1, '2021-03-01 14:46:05'),
(18, '2021-03-04 16:30:00', '2021-03-04 17:00:00', 340, 127, 1, 1, '0000-00-00 00:00:00'),
(19, '2021-03-05 14:00:00', '2021-03-05 14:30:00', 340, 127, 1, 1, '2021-03-03 18:32:26'),
(20, '2021-03-05 14:30:00', '2021-03-05 15:00:00', 340, 127, 1, 1, '2021-03-01 15:27:22'),
(21, '2021-03-05 15:00:00', '2021-03-05 15:30:00', 340, 127, 2, 1, '2021-03-03 16:54:11'),
(22, '2021-03-05 15:30:00', '2021-03-05 16:00:00', 340, 127, 1, 1, '2021-03-01 15:36:00'),
(23, '2021-03-05 16:00:00', '2021-03-05 16:30:00', 340, 127, 1, 1, '2021-03-01 15:42:03'),
(24, '2021-03-05 16:30:00', '2021-03-05 17:00:00', 340, 127, 1, 1, '2021-03-01 15:09:13'),
(25, '2021-03-07 09:00:00', '2021-03-07 09:15:00', 340, 127, 1, 1, '0000-00-00 00:00:00'),
(26, '2021-03-07 09:15:00', '2021-03-07 09:30:00', 340, 127, 1, 1, '0000-00-00 00:00:00'),
(27, '2021-03-07 09:30:00', '2021-03-07 09:45:00', 340, 127, 1, 1, '0000-00-00 00:00:00'),
(28, '2021-03-07 09:45:00', '2021-03-07 10:00:00', 340, 127, 1, 1, '0000-00-00 00:00:00'),
(29, '2021-03-07 10:00:00', '2021-03-07 10:15:00', 340, 127, 1, 1, '0000-00-00 00:00:00'),
(30, '2021-03-07 10:15:00', '2021-03-07 10:30:00', 340, 127, 1, 1, '0000-00-00 00:00:00'),
(31, '2021-03-07 10:30:00', '2021-03-07 10:45:00', 340, 127, 1, 1, '0000-00-00 00:00:00'),
(32, '2021-03-07 10:45:00', '2021-03-07 11:00:00', 340, 127, 1, 1, '0000-00-00 00:00:00'),
(33, '2021-03-07 11:00:00', '2021-03-07 11:15:00', 340, 127, 1, 1, '0000-00-00 00:00:00'),
(34, '2021-03-08 09:00:00', '2021-03-08 09:15:00', 340, 127, 1, 1, '0000-00-00 00:00:00'),
(35, '2021-03-08 09:15:00', '2021-03-08 09:30:00', 340, 127, 1, 1, '0000-00-00 00:00:00'),
(36, '2021-03-08 09:30:00', '2021-03-08 09:45:00', 340, 127, 1, 1, '0000-00-00 00:00:00'),
(37, '2021-03-08 09:45:00', '2021-03-08 10:00:00', 340, 127, 1, 1, '0000-00-00 00:00:00'),
(38, '2021-03-08 10:00:00', '2021-03-08 10:15:00', 340, 127, 1, 1, '0000-00-00 00:00:00'),
(39, '2021-03-08 10:15:00', '2021-03-08 10:30:00', 340, 127, 1, 1, '0000-00-00 00:00:00'),
(40, '2021-03-08 10:30:00', '2021-03-08 10:45:00', 340, 127, 1, 1, '0000-00-00 00:00:00'),
(41, '2021-03-08 10:45:00', '2021-03-08 11:00:00', 340, 127, 1, 1, '0000-00-00 00:00:00'),
(42, '2021-03-08 11:00:00', '2021-03-08 11:15:00', 340, 127, 1, 1, '0000-00-00 00:00:00'),
(43, '2021-03-03 20:00:00', '2021-03-03 20:30:00', 340, 127, 1, 1, '0000-00-00 00:00:00'),
(44, '2021-03-03 20:30:00', '2021-03-03 21:00:00', 340, 127, 1, 1, '0000-00-00 00:00:00'),
(45, '2021-03-03 21:00:00', '2021-03-03 21:30:00', 340, 127, 1, 1, '0000-00-00 00:00:00'),
(46, '2021-03-03 21:30:00', '2021-03-03 22:00:00', 340, 127, 1, 1, '0000-00-00 00:00:00'),
(47, '2021-03-03 22:00:00', '2021-03-03 22:30:00', 340, 127, 1, 1, '0000-00-00 00:00:00'),
(48, '2021-03-14 09:00:00', '2021-03-14 09:15:00', 340, 127, 1, 1, '0000-00-00 00:00:00'),
(49, '2021-03-14 09:15:00', '2021-03-14 09:30:00', 340, 127, 1, 1, '2021-03-13 06:08:39'),
(50, '2021-03-14 09:30:00', '2021-03-14 09:45:00', 340, 127, 1, 1, '0000-00-00 00:00:00'),
(51, '2021-03-14 09:45:00', '2021-03-14 10:00:00', 340, 127, 1, 1, '0000-00-00 00:00:00'),
(52, '2021-03-14 10:00:00', '2021-03-14 10:15:00', 340, 127, 1, 1, '0000-00-00 00:00:00'),
(53, '2021-03-14 10:15:00', '2021-03-14 10:30:00', 340, 127, 1, 1, '0000-00-00 00:00:00'),
(54, '2021-03-14 10:30:00', '2021-03-14 10:45:00', 340, 127, 1, 1, '0000-00-00 00:00:00'),
(55, '2021-03-14 10:45:00', '2021-03-14 11:00:00', 340, 127, 1, 1, '0000-00-00 00:00:00'),
(56, '2021-03-14 11:00:00', '2021-03-14 11:15:00', 340, 127, 1, 1, '0000-00-00 00:00:00'),
(57, '2021-03-14 11:15:00', '2021-03-14 11:30:00', 340, 127, 1, 1, '0000-00-00 00:00:00'),
(58, '2021-03-14 11:30:00', '2021-03-14 11:45:00', 340, 127, 1, 1, '0000-00-00 00:00:00'),
(59, '2021-03-14 11:45:00', '2021-03-14 12:00:00', 340, 127, 1, 1, '2021-03-14 11:19:09'),
(60, '2021-03-14 12:00:00', '2021-03-14 12:15:00', 340, 127, 1, 1, '2021-03-14 10:44:07'),
(61, '2021-03-14 12:15:00', '2021-03-14 12:30:00', 340, 127, 1, 1, '0000-00-00 00:00:00'),
(62, '2021-03-14 12:30:00', '2021-03-14 12:45:00', 340, 127, 1, 1, '0000-00-00 00:00:00'),
(63, '2021-03-14 12:45:00', '2021-03-14 13:00:00', 340, 127, 2, 1, '2021-03-14 11:26:54'),
(64, '2021-03-14 13:00:00', '2021-03-14 13:15:00', 340, 127, 1, 1, '0000-00-00 00:00:00'),
(65, '2021-03-14 13:15:00', '2021-03-14 13:30:00', 340, 127, 1, 1, '2021-03-14 10:26:31'),
(66, '2021-03-14 13:30:00', '2021-03-14 13:45:00', 340, 127, 1, 1, '0000-00-00 00:00:00'),
(67, '2021-03-14 13:45:00', '2021-03-14 14:00:00', 340, 127, 1, 1, '2021-03-14 11:32:02'),
(68, '2021-03-14 14:00:00', '2021-03-14 14:15:00', 340, 127, 1, 1, '2021-03-14 10:53:41'),
(69, '2021-03-15 09:00:00', '2021-03-15 09:15:00', 340, 127, 1, 1, '2021-03-15 07:35:39'),
(70, '2021-03-15 09:15:00', '2021-03-15 09:30:00', 340, 127, 1, 1, '0000-00-00 00:00:00'),
(71, '2021-03-15 09:30:00', '2021-03-15 09:45:00', 340, 127, 1, 1, '0000-00-00 00:00:00'),
(72, '2021-03-15 09:45:00', '2021-03-15 10:00:00', 340, 127, 1, 1, '2021-03-15 07:15:02'),
(73, '2021-03-15 10:00:00', '2021-03-15 10:15:00', 340, 127, 1, 1, '0000-00-00 00:00:00'),
(74, '2021-03-15 10:15:00', '2021-03-15 10:30:00', 340, 127, 1, 1, '0000-00-00 00:00:00'),
(75, '2021-03-15 10:30:00', '2021-03-15 10:45:00', 340, 127, 1, 1, '2021-03-15 07:33:29'),
(76, '2021-03-15 10:45:00', '2021-03-15 11:00:00', 340, 127, 1, 1, '2021-03-15 07:33:50'),
(77, '2021-03-15 11:00:00', '2021-03-15 11:15:00', 340, 127, 1, 1, '2021-03-15 07:31:59'),
(78, '2021-03-15 11:15:00', '2021-03-15 11:30:00', 340, 127, 1, 1, '0000-00-00 00:00:00'),
(79, '2021-03-15 11:30:00', '2021-03-15 11:45:00', 340, 127, 1, 1, '0000-00-00 00:00:00'),
(80, '2021-03-15 11:45:00', '2021-03-15 12:00:00', 340, 127, 1, 1, '0000-00-00 00:00:00'),
(81, '2021-03-15 12:00:00', '2021-03-15 12:15:00', 340, 127, 1, 1, '0000-00-00 00:00:00'),
(82, '2021-03-15 12:15:00', '2021-03-15 12:30:00', 340, 127, 1, 1, '2021-03-15 07:28:51'),
(83, '2021-03-15 12:30:00', '2021-03-15 12:45:00', 340, 127, 1, 1, '0000-00-00 00:00:00'),
(84, '2021-03-15 12:45:00', '2021-03-15 13:00:00', 340, 127, 1, 1, '2021-03-15 08:59:44'),
(85, '2021-03-15 13:00:00', '2021-03-15 13:15:00', 340, 127, 1, 1, '0000-00-00 00:00:00'),
(86, '2021-03-15 13:15:00', '2021-03-15 13:30:00', 340, 127, 1, 1, '0000-00-00 00:00:00'),
(87, '2021-03-15 13:30:00', '2021-03-15 13:45:00', 340, 127, 1, 1, '2021-03-15 07:17:53'),
(88, '2021-03-15 13:45:00', '2021-03-15 14:00:00', 340, 127, 1, 1, '2021-03-15 07:20:34'),
(89, '2021-03-15 14:00:00', '2021-03-15 14:15:00', 340, 127, 1, 1, '0000-00-00 00:00:00'),
(90, '2021-03-16 09:00:00', '2021-03-16 09:15:00', 340, 127, 1, 1, '0000-00-00 00:00:00'),
(91, '2021-03-16 09:15:00', '2021-03-16 09:30:00', 340, 127, 1, 1, '0000-00-00 00:00:00'),
(92, '2021-03-16 09:30:00', '2021-03-16 09:45:00', 340, 127, 1, 1, '0000-00-00 00:00:00'),
(93, '2021-03-16 09:45:00', '2021-03-16 10:00:00', 340, 127, 1, 1, '2021-03-15 07:29:25'),
(94, '2021-03-16 10:00:00', '2021-03-16 10:15:00', 340, 127, 1, 1, '0000-00-00 00:00:00'),
(95, '2021-03-16 10:15:00', '2021-03-16 10:30:00', 340, 127, 1, 1, '0000-00-00 00:00:00'),
(96, '2021-03-16 10:30:00', '2021-03-16 10:45:00', 340, 127, 1, 1, '0000-00-00 00:00:00'),
(97, '2021-03-16 10:45:00', '2021-03-16 11:00:00', 340, 127, 1, 1, '0000-00-00 00:00:00'),
(98, '2021-03-16 11:00:00', '2021-03-16 11:15:00', 340, 127, 1, 1, '0000-00-00 00:00:00'),
(99, '2021-03-16 11:15:00', '2021-03-16 11:30:00', 340, 127, 1, 1, '0000-00-00 00:00:00'),
(100, '2021-03-16 11:30:00', '2021-03-16 11:45:00', 340, 127, 1, 1, '0000-00-00 00:00:00'),
(101, '2021-03-16 11:45:00', '2021-03-16 12:00:00', 340, 127, 1, 1, '0000-00-00 00:00:00'),
(102, '2021-03-16 12:00:00', '2021-03-16 12:15:00', 340, 127, 1, 1, '0000-00-00 00:00:00'),
(103, '2021-03-16 12:15:00', '2021-03-16 12:30:00', 340, 127, 1, 1, '0000-00-00 00:00:00'),
(104, '2021-03-16 12:30:00', '2021-03-16 12:45:00', 340, 127, 1, 1, '0000-00-00 00:00:00'),
(105, '2021-03-16 12:45:00', '2021-03-16 13:00:00', 340, 127, 1, 1, '2021-03-15 07:23:47'),
(106, '2021-03-16 13:00:00', '2021-03-16 13:15:00', 340, 127, 1, 1, '2021-03-15 07:29:46'),
(107, '2021-03-16 13:15:00', '2021-03-16 13:30:00', 340, 127, 1, 1, '2021-03-15 07:19:55'),
(108, '2021-03-16 13:30:00', '2021-03-16 13:45:00', 340, 127, 1, 1, '0000-00-00 00:00:00'),
(109, '2021-03-16 13:45:00', '2021-03-16 14:00:00', 340, 127, 1, 1, '0000-00-00 00:00:00'),
(110, '2021-03-16 14:00:00', '2021-03-16 14:15:00', 340, 127, 1, 1, '2021-03-15 07:22:12'),
(111, '2021-03-17 09:00:00', '2021-03-17 09:15:00', 340, 127, 1, 1, '2021-03-15 07:35:54'),
(112, '2021-03-17 09:15:00', '2021-03-17 09:30:00', 340, 127, 1, 1, '0000-00-00 00:00:00'),
(113, '2021-03-17 09:30:00', '2021-03-17 09:45:00', 340, 127, 1, 1, '0000-00-00 00:00:00'),
(114, '2021-03-17 09:45:00', '2021-03-17 10:00:00', 340, 127, 1, 1, '0000-00-00 00:00:00'),
(115, '2021-03-17 10:00:00', '2021-03-17 10:15:00', 340, 127, 1, 1, '0000-00-00 00:00:00'),
(116, '2021-03-17 10:15:00', '2021-03-17 10:30:00', 340, 127, 1, 1, '0000-00-00 00:00:00'),
(117, '2021-03-17 10:30:00', '2021-03-17 10:45:00', 340, 127, 1, 1, '0000-00-00 00:00:00'),
(118, '2021-03-17 10:45:00', '2021-03-17 11:00:00', 340, 127, 1, 1, '0000-00-00 00:00:00'),
(119, '2021-03-17 11:00:00', '2021-03-17 11:15:00', 340, 127, 1, 1, '0000-00-00 00:00:00'),
(120, '2021-03-17 11:15:00', '2021-03-17 11:30:00', 340, 127, 1, 1, '0000-00-00 00:00:00'),
(121, '2021-03-17 11:30:00', '2021-03-17 11:45:00', 340, 127, 1, 1, '0000-00-00 00:00:00'),
(122, '2021-03-17 11:45:00', '2021-03-17 12:00:00', 340, 127, 1, 1, '0000-00-00 00:00:00'),
(123, '2021-03-17 12:00:00', '2021-03-17 12:15:00', 340, 127, 1, 1, '2021-03-15 07:13:45'),
(124, '2021-03-17 12:15:00', '2021-03-17 12:30:00', 340, 127, 1, 1, '0000-00-00 00:00:00'),
(125, '2021-03-17 12:30:00', '2021-03-17 12:45:00', 340, 127, 1, 1, '0000-00-00 00:00:00'),
(126, '2021-03-17 12:45:00', '2021-03-17 13:00:00', 340, 127, 1, 1, '0000-00-00 00:00:00'),
(127, '2021-03-17 13:00:00', '2021-03-17 13:15:00', 340, 127, 1, 1, '0000-00-00 00:00:00'),
(128, '2021-03-17 13:15:00', '2021-03-17 13:30:00', 340, 127, 1, 1, '2021-03-15 07:19:58'),
(129, '2021-03-17 13:30:00', '2021-03-17 13:45:00', 340, 127, 1, 1, '0000-00-00 00:00:00'),
(130, '2021-03-17 13:45:00', '2021-03-17 14:00:00', 340, 127, 1, 1, '0000-00-00 00:00:00'),
(131, '2021-03-17 14:00:00', '2021-03-17 14:15:00', 340, 127, 1, 1, '0000-00-00 00:00:00'),
(132, '2021-03-18 09:00:00', '2021-03-18 09:15:00', 340, 127, 1, 1, '0000-00-00 00:00:00'),
(133, '2021-03-18 09:15:00', '2021-03-18 09:30:00', 340, 127, 1, 1, '2021-03-15 07:10:24'),
(134, '2021-03-18 09:30:00', '2021-03-18 09:45:00', 340, 127, 1, 1, '0000-00-00 00:00:00'),
(135, '2021-03-18 09:45:00', '2021-03-18 10:00:00', 340, 127, 1, 1, '0000-00-00 00:00:00'),
(136, '2021-03-18 10:00:00', '2021-03-18 10:15:00', 340, 127, 1, 1, '0000-00-00 00:00:00'),
(137, '2021-03-18 10:15:00', '2021-03-18 10:30:00', 340, 127, 1, 1, '0000-00-00 00:00:00'),
(138, '2021-03-18 10:30:00', '2021-03-18 10:45:00', 340, 127, 1, 1, '0000-00-00 00:00:00'),
(139, '2021-03-18 10:45:00', '2021-03-18 11:00:00', 340, 127, 1, 1, '2021-03-15 09:06:24'),
(140, '2021-03-18 11:00:00', '2021-03-18 11:15:00', 340, 127, 1, 1, '0000-00-00 00:00:00'),
(141, '2021-03-18 11:15:00', '2021-03-18 11:30:00', 340, 127, 1, 1, '0000-00-00 00:00:00'),
(142, '2021-03-18 11:30:00', '2021-03-18 11:45:00', 340, 127, 1, 1, '0000-00-00 00:00:00'),
(143, '2021-03-18 11:45:00', '2021-03-18 12:00:00', 340, 127, 1, 1, '0000-00-00 00:00:00'),
(144, '2021-03-18 12:00:00', '2021-03-18 12:15:00', 340, 127, 1, 1, '0000-00-00 00:00:00'),
(145, '2021-03-18 12:15:00', '2021-03-18 12:30:00', 340, 127, 1, 1, '2021-03-15 10:46:43'),
(146, '2021-03-18 12:30:00', '2021-03-18 12:45:00', 340, 127, 1, 1, '0000-00-00 00:00:00'),
(147, '2021-03-18 12:45:00', '2021-03-18 13:00:00', 340, 127, 1, 1, '0000-00-00 00:00:00'),
(148, '2021-03-18 13:00:00', '2021-03-18 13:15:00', 340, 127, 1, 1, '0000-00-00 00:00:00'),
(149, '2021-03-18 13:15:00', '2021-03-18 13:30:00', 340, 127, 1, 1, '0000-00-00 00:00:00'),
(150, '2021-03-18 13:30:00', '2021-03-18 13:45:00', 340, 127, 1, 1, '0000-00-00 00:00:00'),
(151, '2021-03-18 13:45:00', '2021-03-18 14:00:00', 340, 127, 1, 1, '2021-03-15 09:27:42'),
(152, '2021-03-18 14:00:00', '2021-03-18 14:15:00', 340, 127, 1, 1, '2021-03-15 07:20:08'),
(153, '2021-03-19 09:00:00', '2021-03-19 09:15:00', 340, 127, 1, 1, '2021-03-15 07:28:58'),
(154, '2021-03-19 09:15:00', '2021-03-19 09:30:00', 340, 127, 1, 1, '0000-00-00 00:00:00'),
(155, '2021-03-19 09:30:00', '2021-03-19 09:45:00', 340, 127, 1, 1, '0000-00-00 00:00:00'),
(156, '2021-03-19 09:45:00', '2021-03-19 10:00:00', 340, 127, 1, 1, '0000-00-00 00:00:00'),
(157, '2021-03-19 10:00:00', '2021-03-19 10:15:00', 340, 127, 1, 1, '0000-00-00 00:00:00'),
(158, '2021-03-19 10:15:00', '2021-03-19 10:30:00', 340, 127, 1, 1, '0000-00-00 00:00:00'),
(159, '2021-03-19 10:30:00', '2021-03-19 10:45:00', 340, 127, 1, 1, '0000-00-00 00:00:00'),
(160, '2021-03-19 10:45:00', '2021-03-19 11:00:00', 340, 127, 1, 1, '0000-00-00 00:00:00'),
(161, '2021-03-19 11:00:00', '2021-03-19 11:15:00', 340, 127, 1, 1, '0000-00-00 00:00:00'),
(162, '2021-03-19 11:15:00', '2021-03-19 11:30:00', 340, 127, 1, 1, '2021-03-15 09:06:49'),
(163, '2021-03-19 11:30:00', '2021-03-19 11:45:00', 340, 127, 1, 1, '2021-03-15 07:28:54'),
(164, '2021-03-19 11:45:00', '2021-03-19 12:00:00', 340, 127, 1, 1, '0000-00-00 00:00:00'),
(165, '2021-03-19 12:00:00', '2021-03-19 12:15:00', 340, 127, 1, 1, '2021-03-15 09:07:08'),
(166, '2021-03-19 12:15:00', '2021-03-19 12:30:00', 340, 127, 1, 1, '0000-00-00 00:00:00'),
(167, '2021-03-19 12:30:00', '2021-03-19 12:45:00', 340, 127, 1, 1, '0000-00-00 00:00:00'),
(168, '2021-03-19 12:45:00', '2021-03-19 13:00:00', 340, 127, 1, 1, '0000-00-00 00:00:00'),
(169, '2021-03-19 13:00:00', '2021-03-19 13:15:00', 340, 127, 1, 1, '0000-00-00 00:00:00'),
(170, '2021-03-19 13:15:00', '2021-03-19 13:30:00', 340, 127, 1, 1, '0000-00-00 00:00:00'),
(171, '2021-03-19 13:30:00', '2021-03-19 13:45:00', 340, 127, 1, 1, '0000-00-00 00:00:00'),
(172, '2021-03-19 13:45:00', '2021-03-19 14:00:00', 340, 127, 1, 1, '2021-03-15 07:18:29'),
(173, '2021-03-19 14:00:00', '2021-03-19 14:15:00', 340, 127, 1, 1, '0000-00-00 00:00:00'),
(174, '2021-03-20 09:00:00', '2021-03-20 09:15:00', 340, 127, 1, 1, '2021-03-15 07:10:56'),
(175, '2021-03-20 09:15:00', '2021-03-20 09:30:00', 340, 127, 1, 1, '2021-03-15 07:12:23'),
(176, '2021-03-20 09:30:00', '2021-03-20 09:45:00', 340, 127, 1, 1, '0000-00-00 00:00:00'),
(177, '2021-03-20 09:45:00', '2021-03-20 10:00:00', 340, 127, 1, 1, '2021-03-15 09:05:49'),
(178, '2021-03-20 10:00:00', '2021-03-20 10:15:00', 340, 127, 1, 1, '0000-00-00 00:00:00'),
(179, '2021-03-20 10:15:00', '2021-03-20 10:30:00', 340, 127, 1, 1, '0000-00-00 00:00:00'),
(180, '2021-03-20 10:30:00', '2021-03-20 10:45:00', 340, 127, 1, 1, '0000-00-00 00:00:00'),
(181, '2021-03-20 10:45:00', '2021-03-20 11:00:00', 340, 127, 1, 1, '0000-00-00 00:00:00'),
(182, '2021-03-20 11:00:00', '2021-03-20 11:15:00', 340, 127, 1, 1, '0000-00-00 00:00:00'),
(183, '2021-03-20 11:15:00', '2021-03-20 11:30:00', 340, 127, 1, 1, '2021-03-15 07:14:27'),
(184, '2021-03-20 11:30:00', '2021-03-20 11:45:00', 340, 127, 1, 1, '0000-00-00 00:00:00'),
(185, '2021-03-20 11:45:00', '2021-03-20 12:00:00', 340, 127, 1, 1, '0000-00-00 00:00:00'),
(186, '2021-03-20 12:00:00', '2021-03-20 12:15:00', 340, 127, 1, 1, '0000-00-00 00:00:00'),
(187, '2021-03-20 12:15:00', '2021-03-20 12:30:00', 340, 127, 1, 1, '2021-03-15 10:37:58'),
(188, '2021-03-20 12:30:00', '2021-03-20 12:45:00', 340, 127, 1, 1, '2021-03-15 07:17:28'),
(189, '2021-03-20 12:45:00', '2021-03-20 13:00:00', 340, 127, 1, 1, '0000-00-00 00:00:00'),
(190, '2021-03-20 13:00:00', '2021-03-20 13:15:00', 340, 127, 1, 1, '2021-03-15 07:20:52'),
(191, '2021-03-20 13:15:00', '2021-03-20 13:30:00', 340, 127, 2, 1, '2021-03-20 13:02:04'),
(192, '2021-03-20 13:30:00', '2021-03-20 13:45:00', 340, 127, 3, 1, '2021-03-20 13:03:01'),
(193, '2021-03-20 13:45:00', '2021-03-20 14:00:00', 340, 127, 2, 1, '2021-03-20 13:16:42'),
(194, '2021-03-20 14:00:00', '2021-03-20 14:15:00', 340, 127, 2, 1, '2021-03-20 13:18:21'),
(195, '2021-03-21 10:00:00', '2021-03-21 10:30:00', 340, 127, 1, 1, '2021-03-20 13:25:19'),
(196, '2021-03-21 10:30:00', '2021-03-21 11:00:00', 340, 127, 1, 1, '0000-00-00 00:00:00'),
(197, '2021-03-21 11:00:00', '2021-03-21 11:30:00', 340, 127, 1, 1, '0000-00-00 00:00:00'),
(198, '2021-03-21 11:30:00', '2021-03-21 12:00:00', 340, 127, 1, 1, '0000-00-00 00:00:00'),
(199, '2021-03-21 12:00:00', '2021-03-21 12:30:00', 340, 127, 1, 1, '0000-00-00 00:00:00'),
(200, '2021-03-21 12:30:00', '2021-03-21 13:00:00', 340, 127, 1, 1, '0000-00-00 00:00:00'),
(201, '2021-03-21 13:00:00', '2021-03-21 13:30:00', 340, 127, 1, 1, '0000-00-00 00:00:00'),
(202, '2021-03-21 13:30:00', '2021-03-21 14:00:00', 340, 127, 1, 1, '0000-00-00 00:00:00'),
(203, '2021-03-21 14:00:00', '2021-03-21 14:30:00', 340, 127, 1, 1, '0000-00-00 00:00:00'),
(204, '2021-03-21 14:30:00', '2021-03-21 15:00:00', 340, 127, 1, 1, '0000-00-00 00:00:00'),
(205, '2021-03-21 15:00:00', '2021-03-21 15:30:00', 340, 127, 1, 1, '0000-00-00 00:00:00'),
(206, '2021-03-21 15:30:00', '2021-03-21 16:00:00', 340, 127, 1, 1, '0000-00-00 00:00:00'),
(207, '2021-03-21 16:00:00', '2021-03-21 16:30:00', 340, 127, 1, 1, '0000-00-00 00:00:00'),
(208, '2021-03-21 16:30:00', '2021-03-21 17:00:00', 340, 127, 1, 1, '0000-00-00 00:00:00'),
(209, '2021-03-21 17:00:00', '2021-03-21 17:30:00', 340, 127, 1, 1, '0000-00-00 00:00:00'),
(210, '2021-07-30 17:00:00', '2021-07-30 17:30:00', 340, 127, 1, 1, '2021-07-26 07:49:57'),
(211, '2021-07-30 17:30:00', '2021-07-30 18:00:00', 340, 127, 1, 1, '2021-07-26 07:43:29'),
(212, '2021-07-30 18:00:00', '2021-07-30 18:30:00', 340, 127, 1, 1, '0000-00-00 00:00:00'),
(213, '2021-07-30 18:30:00', '2021-07-30 19:00:00', 340, 127, 1, 1, '2021-07-26 07:45:31'),
(214, '2021-07-30 19:00:00', '2021-07-30 19:30:00', 340, 127, 1, 1, '0000-00-00 00:00:00'),
(215, '2021-08-02 09:00:00', '2021-08-02 09:30:00', 20, 20, 1, 1, '0000-00-00 00:00:00'),
(216, '2021-08-02 09:30:00', '2021-08-02 10:00:00', 20, 20, 1, 1, '0000-00-00 00:00:00'),
(217, '2021-08-02 10:00:00', '2021-08-02 10:30:00', 20, 20, 1, 1, '0000-00-00 00:00:00'),
(218, '2021-08-02 10:30:00', '2021-08-02 11:00:00', 20, 20, 1, 1, '0000-00-00 00:00:00'),
(219, '2021-08-02 11:00:00', '2021-08-02 11:30:00', 20, 20, 1, 1, '0000-00-00 00:00:00'),
(220, '2021-08-02 11:30:00', '2021-08-02 12:00:00', 20, 20, 1, 1, '0000-00-00 00:00:00'),
(221, '2021-08-02 12:00:00', '2021-08-02 12:30:00', 20, 20, 1, 1, '0000-00-00 00:00:00'),
(222, '2021-08-03 09:00:00', '2021-08-03 09:30:00', 20, 20, 1, 1, '0000-00-00 00:00:00'),
(223, '2021-08-03 09:30:00', '2021-08-03 10:00:00', 20, 20, 1, 1, '0000-00-00 00:00:00'),
(224, '2021-08-03 10:00:00', '2021-08-03 10:30:00', 20, 20, 1, 1, '0000-00-00 00:00:00'),
(225, '2021-08-03 10:30:00', '2021-08-03 11:00:00', 20, 20, 1, 1, '0000-00-00 00:00:00'),
(226, '2021-08-03 11:00:00', '2021-08-03 11:30:00', 20, 20, 1, 1, '0000-00-00 00:00:00'),
(227, '2021-08-03 11:30:00', '2021-08-03 12:00:00', 20, 20, 1, 1, '0000-00-00 00:00:00'),
(228, '2021-08-03 12:00:00', '2021-08-03 12:30:00', 20, 20, 1, 1, '0000-00-00 00:00:00'),
(229, '2021-08-04 09:00:00', '2021-08-04 09:30:00', 20, 20, 1, 1, '0000-00-00 00:00:00'),
(230, '2021-08-04 09:30:00', '2021-08-04 10:00:00', 20, 20, 1, 1, '0000-00-00 00:00:00'),
(231, '2021-08-04 10:00:00', '2021-08-04 10:30:00', 20, 20, 1, 1, '0000-00-00 00:00:00'),
(232, '2021-08-04 10:30:00', '2021-08-04 11:00:00', 20, 20, 1, 1, '0000-00-00 00:00:00'),
(233, '2021-08-04 11:00:00', '2021-08-04 11:30:00', 20, 20, 1, 1, '0000-00-00 00:00:00'),
(234, '2021-08-04 11:30:00', '2021-08-04 12:00:00', 20, 20, 1, 1, '0000-00-00 00:00:00'),
(235, '2021-08-04 12:00:00', '2021-08-04 12:30:00', 20, 20, 1, 1, '0000-00-00 00:00:00'),
(236, '2021-08-02 17:00:00', '2021-08-02 17:30:00', 20, 13, 2, 1, '2021-07-31 17:54:34'),
(237, '2021-08-02 17:30:00', '2021-08-02 18:00:00', 20, 20, 1, 1, '0000-00-00 00:00:00'),
(238, '2021-08-02 18:00:00', '2021-08-02 18:30:00', 20, 20, 1, 1, '0000-00-00 00:00:00'),
(239, '2021-08-03 17:00:00', '2021-08-03 17:30:00', 20, 20, 1, 1, '0000-00-00 00:00:00'),
(240, '2021-08-03 17:30:00', '2021-08-03 18:00:00', 20, 20, 1, 1, '0000-00-00 00:00:00'),
(241, '2021-08-03 18:00:00', '2021-08-03 18:30:00', 20, 20, 1, 1, '0000-00-00 00:00:00'),
(242, '2021-08-04 17:00:00', '2021-08-04 17:30:00', 20, 20, 1, 1, '0000-00-00 00:00:00'),
(243, '2021-08-04 17:30:00', '2021-08-04 18:00:00', 20, 20, 1, 1, '0000-00-00 00:00:00'),
(244, '2021-08-04 18:00:00', '2021-08-04 18:30:00', 20, 20, 1, 1, '0000-00-00 00:00:00'),
(245, '2021-09-16 17:00:00', '2021-09-16 17:30:00', 650, 650, 1, 1, '0000-00-00 00:00:00'),
(246, '2021-09-17 17:30:00', '2021-09-17 18:00:00', 650, 650, 1, 3, '2021-09-17 10:01:53'),
(247, '2021-09-17 18:00:00', '2021-09-17 18:30:00', 650, 650, 1, 3, '0000-00-00 00:00:00'),
(248, '2021-09-17 18:30:00', '2021-09-17 19:00:00', 650, 650, 1, 3, '0000-00-00 00:00:00'),
(249, '2021-09-17 19:00:00', '2021-09-17 19:30:00', 650, 650, 1, 3, '0000-00-00 00:00:00'),
(250, '2021-09-18 09:00:00', '2021-09-18 09:15:00', 20, 20, 1, 3, '0000-00-00 00:00:00'),
(251, '2021-09-18 09:15:00', '2021-09-18 09:30:00', 20, 20, 1, 3, '0000-00-00 00:00:00'),
(252, '2021-09-18 09:30:00', '2021-09-18 09:45:00', 20, 20, 1, 3, '0000-00-00 00:00:00'),
(253, '2021-09-18 09:45:00', '2021-09-18 10:00:00', 20, 20, 1, 3, '0000-00-00 00:00:00'),
(254, '2021-09-18 10:00:00', '2021-09-18 10:15:00', 20, 20, 1, 3, '0000-00-00 00:00:00'),
(255, '2021-09-18 10:15:00', '2021-09-18 10:30:00', 20, 20, 1, 3, '0000-00-00 00:00:00'),
(256, '2021-09-18 10:30:00', '2021-09-18 10:45:00', 20, 20, 1, 3, '0000-00-00 00:00:00'),
(257, '2021-09-18 10:45:00', '2021-09-18 11:00:00', 20, 20, 1, 3, '0000-00-00 00:00:00'),
(258, '2021-09-18 11:00:00', '2021-09-18 11:15:00', 20, 20, 1, 3, '0000-00-00 00:00:00'),
(259, '2021-09-18 11:15:00', '2021-09-18 11:30:00', 20, 20, 1, 3, '0000-00-00 00:00:00'),
(260, '2021-09-18 11:30:00', '2021-09-18 11:45:00', 20, 20, 1, 3, '0000-00-00 00:00:00'),
(261, '2021-09-18 11:45:00', '2021-09-18 12:00:00', 20, 20, 1, 3, '0000-00-00 00:00:00'),
(262, '2021-09-18 12:00:00', '2021-09-18 12:15:00', 20, 20, 1, 3, '0000-00-00 00:00:00'),
(263, '2021-09-18 12:15:00', '2021-09-18 12:30:00', 20, 20, 1, 3, '0000-00-00 00:00:00'),
(264, '2021-09-18 12:30:00', '2021-09-18 12:45:00', 20, 20, 1, 3, '0000-00-00 00:00:00'),
(265, '2021-09-18 12:45:00', '2021-09-18 13:00:00', 20, 20, 1, 3, '0000-00-00 00:00:00'),
(266, '2021-09-18 13:00:00', '2021-09-18 13:15:00', 20, 20, 1, 3, '0000-00-00 00:00:00'),
(267, '2021-09-18 13:15:00', '2021-09-18 13:30:00', 20, 20, 1, 3, '0000-00-00 00:00:00'),
(268, '2021-09-18 13:30:00', '2021-09-18 13:45:00', 20, 20, 1, 3, '0000-00-00 00:00:00'),
(269, '2021-09-18 13:45:00', '2021-09-18 14:00:00', 20, 20, 1, 3, '0000-00-00 00:00:00'),
(270, '2021-09-18 14:00:00', '2021-09-18 14:15:00', 20, 20, 1, 3, '0000-00-00 00:00:00'),
(271, '2021-09-18 14:15:00', '2021-09-18 14:30:00', 20, 20, 1, 3, '0000-00-00 00:00:00'),
(272, '2021-09-18 14:30:00', '2021-09-18 14:45:00', 20, 20, 1, 3, '0000-00-00 00:00:00'),
(273, '2021-09-18 14:45:00', '2021-09-18 15:00:00', 20, 20, 1, 3, '0000-00-00 00:00:00'),
(274, '2021-09-18 15:00:00', '2021-09-18 15:15:00', 20, 20, 1, 3, '0000-00-00 00:00:00'),
(275, '2021-09-19 09:00:00', '2021-09-19 09:15:00', 20, 20, 1, 3, '0000-00-00 00:00:00'),
(276, '2021-09-19 09:15:00', '2021-09-19 09:30:00', 20, 20, 1, 3, '0000-00-00 00:00:00'),
(277, '2021-09-19 09:30:00', '2021-09-19 09:45:00', 20, 20, 1, 3, '0000-00-00 00:00:00'),
(278, '2021-09-19 09:45:00', '2021-09-19 10:00:00', 20, 20, 1, 3, '0000-00-00 00:00:00'),
(279, '2021-09-19 10:00:00', '2021-09-19 10:15:00', 20, 20, 1, 3, '0000-00-00 00:00:00'),
(280, '2021-09-19 10:15:00', '2021-09-19 10:30:00', 20, 20, 1, 3, '0000-00-00 00:00:00'),
(281, '2021-09-19 10:30:00', '2021-09-19 10:45:00', 20, 20, 1, 3, '0000-00-00 00:00:00'),
(282, '2021-09-19 10:45:00', '2021-09-19 11:00:00', 20, 20, 1, 3, '0000-00-00 00:00:00'),
(283, '2021-09-19 11:00:00', '2021-09-19 11:15:00', 20, 20, 1, 3, '0000-00-00 00:00:00'),
(284, '2021-09-19 11:15:00', '2021-09-19 11:30:00', 20, 20, 1, 3, '0000-00-00 00:00:00'),
(285, '2021-09-19 11:30:00', '2021-09-19 11:45:00', 20, 20, 1, 3, '0000-00-00 00:00:00'),
(286, '2021-09-19 11:45:00', '2021-09-19 12:00:00', 20, 20, 1, 3, '0000-00-00 00:00:00'),
(287, '2021-09-19 12:00:00', '2021-09-19 12:15:00', 20, 20, 1, 3, '0000-00-00 00:00:00'),
(288, '2021-09-19 12:15:00', '2021-09-19 12:30:00', 20, 20, 1, 3, '0000-00-00 00:00:00'),
(289, '2021-09-19 12:30:00', '2021-09-19 12:45:00', 20, 20, 1, 3, '0000-00-00 00:00:00'),
(290, '2021-09-19 12:45:00', '2021-09-19 13:00:00', 20, 20, 1, 3, '0000-00-00 00:00:00'),
(291, '2021-09-19 13:00:00', '2021-09-19 13:15:00', 20, 20, 1, 3, '0000-00-00 00:00:00'),
(292, '2021-09-19 13:15:00', '2021-09-19 13:30:00', 20, 20, 1, 3, '0000-00-00 00:00:00'),
(293, '2021-09-19 13:30:00', '2021-09-19 13:45:00', 20, 20, 1, 3, '0000-00-00 00:00:00'),
(294, '2021-09-19 13:45:00', '2021-09-19 14:00:00', 20, 20, 1, 3, '0000-00-00 00:00:00'),
(295, '2021-09-19 14:00:00', '2021-09-19 14:15:00', 20, 20, 1, 3, '0000-00-00 00:00:00'),
(296, '2021-09-19 14:15:00', '2021-09-19 14:30:00', 20, 20, 1, 3, '0000-00-00 00:00:00'),
(297, '2021-09-19 14:30:00', '2021-09-19 14:45:00', 20, 20, 1, 3, '0000-00-00 00:00:00'),
(298, '2021-09-19 14:45:00', '2021-09-19 15:00:00', 20, 20, 1, 3, '0000-00-00 00:00:00'),
(299, '2021-09-19 15:00:00', '2021-09-19 15:15:00', 20, 20, 1, 3, '0000-00-00 00:00:00'),
(300, '2021-09-20 09:00:00', '2021-09-20 09:15:00', 20, 20, 1, 3, '0000-00-00 00:00:00'),
(301, '2021-09-20 09:15:00', '2021-09-20 09:30:00', 20, 20, 1, 3, '0000-00-00 00:00:00'),
(302, '2021-09-20 09:30:00', '2021-09-20 09:45:00', 20, 20, 1, 3, '0000-00-00 00:00:00'),
(303, '2021-09-20 09:45:00', '2021-09-20 10:00:00', 20, 20, 1, 3, '0000-00-00 00:00:00'),
(304, '2021-09-20 10:00:00', '2021-09-20 10:15:00', 20, 20, 1, 3, '0000-00-00 00:00:00'),
(305, '2021-09-20 10:15:00', '2021-09-20 10:30:00', 20, 20, 1, 3, '0000-00-00 00:00:00'),
(306, '2021-09-20 10:30:00', '2021-09-20 10:45:00', 20, 20, 1, 3, '0000-00-00 00:00:00'),
(307, '2021-09-20 10:45:00', '2021-09-20 11:00:00', 20, 20, 1, 3, '0000-00-00 00:00:00'),
(308, '2021-09-20 11:00:00', '2021-09-20 11:15:00', 20, 20, 1, 3, '0000-00-00 00:00:00'),
(309, '2021-09-20 11:15:00', '2021-09-20 11:30:00', 20, 20, 1, 3, '0000-00-00 00:00:00'),
(310, '2021-09-20 11:30:00', '2021-09-20 11:45:00', 20, 20, 1, 3, '0000-00-00 00:00:00'),
(311, '2021-09-20 11:45:00', '2021-09-20 12:00:00', 20, 20, 1, 3, '0000-00-00 00:00:00'),
(312, '2021-09-20 12:00:00', '2021-09-20 12:15:00', 20, 20, 1, 3, '0000-00-00 00:00:00'),
(313, '2021-09-20 12:15:00', '2021-09-20 12:30:00', 20, 20, 1, 3, '0000-00-00 00:00:00'),
(314, '2021-09-20 12:30:00', '2021-09-20 12:45:00', 20, 20, 1, 3, '0000-00-00 00:00:00'),
(315, '2021-09-20 12:45:00', '2021-09-20 13:00:00', 20, 20, 1, 3, '0000-00-00 00:00:00'),
(316, '2021-09-20 13:00:00', '2021-09-20 13:15:00', 20, 20, 1, 3, '0000-00-00 00:00:00'),
(317, '2021-09-20 13:15:00', '2021-09-20 13:30:00', 20, 20, 1, 3, '0000-00-00 00:00:00'),
(318, '2021-09-20 13:30:00', '2021-09-20 13:45:00', 20, 20, 1, 3, '0000-00-00 00:00:00'),
(319, '2021-09-20 13:45:00', '2021-09-20 14:00:00', 20, 20, 1, 3, '0000-00-00 00:00:00'),
(320, '2021-09-20 14:00:00', '2021-09-20 14:15:00', 20, 20, 1, 3, '0000-00-00 00:00:00'),
(321, '2021-09-20 14:15:00', '2021-09-20 14:30:00', 20, 20, 1, 3, '0000-00-00 00:00:00'),
(322, '2021-09-20 14:30:00', '2021-09-20 14:45:00', 20, 20, 1, 3, '0000-00-00 00:00:00'),
(323, '2021-09-20 14:45:00', '2021-09-20 15:00:00', 20, 20, 1, 3, '0000-00-00 00:00:00'),
(324, '2021-09-20 15:00:00', '2021-09-20 15:15:00', 650, 75, 1, 3, '0000-00-00 00:00:00'),
(325, '2021-09-29 10:00:00', '2021-09-29 10:30:00', 20, 20, 1, 1, '0000-00-00 00:00:00'),
(326, '2021-09-29 10:30:00', '2021-09-29 11:00:00', 20, 20, 1, 1, '0000-00-00 00:00:00'),
(327, '2021-09-29 11:00:00', '2021-09-29 11:30:00', 20, 20, 1, 1, '0000-00-00 00:00:00'),
(328, '2021-09-29 11:30:00', '2021-09-29 12:00:00', 20, 20, 1, 1, '0000-00-00 00:00:00'),
(329, '2021-09-29 12:00:00', '2021-09-29 12:30:00', 20, 20, 1, 1, '0000-00-00 00:00:00'),
(330, '2021-09-29 12:30:00', '2021-09-29 13:00:00', 20, 20, 1, 1, '0000-00-00 00:00:00'),
(331, '2021-09-29 13:00:00', '2021-09-29 13:30:00', 20, 20, 1, 1, '0000-00-00 00:00:00'),
(332, '2021-09-29 13:30:00', '2021-09-29 14:00:00', 20, 20, 1, 1, '0000-00-00 00:00:00'),
(333, '2021-09-29 14:00:00', '2021-09-29 14:30:00', 20, 20, 1, 1, '0000-00-00 00:00:00'),
(334, '2021-09-29 14:30:00', '2021-09-29 15:00:00', 20, 20, 1, 1, '0000-00-00 00:00:00'),
(335, '2021-09-29 15:00:00', '2021-09-29 15:30:00', 20, 20, 1, 1, '0000-00-00 00:00:00'),
(336, '2021-09-29 15:30:00', '2021-09-29 16:00:00', 20, 20, 1, 1, '0000-00-00 00:00:00'),
(337, '2021-09-29 16:00:00', '2021-09-29 16:30:00', 20, 20, 1, 1, '0000-00-00 00:00:00'),
(338, '2021-09-30 10:00:00', '2021-09-30 10:30:00', 20, 20, 1, 1, '0000-00-00 00:00:00'),
(339, '2021-09-30 10:30:00', '2021-09-30 11:00:00', 20, 20, 1, 1, '0000-00-00 00:00:00'),
(340, '2021-09-30 11:00:00', '2021-09-30 11:30:00', 20, 20, 1, 1, '0000-00-00 00:00:00'),
(341, '2021-09-30 11:30:00', '2021-09-30 12:00:00', 20, 20, 1, 1, '0000-00-00 00:00:00'),
(342, '2021-09-30 12:00:00', '2021-09-30 12:30:00', 20, 20, 1, 1, '0000-00-00 00:00:00'),
(343, '2021-09-30 12:30:00', '2021-09-30 13:00:00', 20, 20, 1, 1, '0000-00-00 00:00:00'),
(344, '2021-09-30 13:00:00', '2021-09-30 13:30:00', 20, 20, 1, 1, '0000-00-00 00:00:00'),
(345, '2021-09-30 13:30:00', '2021-09-30 14:00:00', 20, 20, 1, 1, '0000-00-00 00:00:00'),
(346, '2021-09-30 14:00:00', '2021-09-30 14:30:00', 20, 20, 1, 1, '0000-00-00 00:00:00'),
(347, '2021-09-30 14:30:00', '2021-09-30 15:00:00', 20, 20, 1, 1, '0000-00-00 00:00:00'),
(348, '2021-09-30 15:00:00', '2021-09-30 15:30:00', 20, 20, 1, 1, '0000-00-00 00:00:00'),
(349, '2021-09-30 15:30:00', '2021-09-30 16:00:00', 20, 20, 1, 1, '0000-00-00 00:00:00'),
(350, '2021-09-30 16:00:00', '2021-09-30 16:30:00', 20, 20, 1, 1, '0000-00-00 00:00:00'),
(351, '2021-10-01 10:00:00', '2021-10-01 10:30:00', 20, 20, 1, 1, '0000-00-00 00:00:00'),
(352, '2021-10-01 10:30:00', '2021-10-01 11:00:00', 20, 20, 1, 1, '0000-00-00 00:00:00'),
(353, '2021-10-01 11:00:00', '2021-10-01 11:30:00', 20, 20, 1, 1, '0000-00-00 00:00:00'),
(354, '2021-10-01 11:30:00', '2021-10-01 12:00:00', 20, 20, 1, 1, '0000-00-00 00:00:00'),
(355, '2021-10-01 12:00:00', '2021-10-01 12:30:00', 20, 20, 1, 1, '0000-00-00 00:00:00'),
(356, '2021-10-01 12:30:00', '2021-10-01 13:00:00', 20, 20, 1, 1, '0000-00-00 00:00:00'),
(357, '2021-10-01 13:00:00', '2021-10-01 13:30:00', 20, 20, 1, 1, '0000-00-00 00:00:00'),
(358, '2021-10-01 13:30:00', '2021-10-01 14:00:00', 20, 20, 1, 1, '0000-00-00 00:00:00'),
(359, '2021-10-01 14:00:00', '2021-10-01 14:30:00', 20, 20, 1, 1, '0000-00-00 00:00:00'),
(360, '2021-10-01 14:30:00', '2021-10-01 15:00:00', 20, 20, 1, 1, '0000-00-00 00:00:00'),
(361, '2021-10-01 15:00:00', '2021-10-01 15:30:00', 20, 20, 1, 1, '0000-00-00 00:00:00'),
(362, '2021-10-01 15:30:00', '2021-10-01 16:00:00', 20, 20, 1, 1, '0000-00-00 00:00:00'),
(363, '2021-10-01 16:00:00', '2021-10-01 16:30:00', 20, 20, 1, 1, '0000-00-00 00:00:00'),
(364, '2021-10-02 10:00:00', '2021-10-02 10:30:00', 20, 20, 1, 1, '0000-00-00 00:00:00'),
(365, '2021-10-02 10:30:00', '2021-10-02 11:00:00', 20, 20, 1, 1, '0000-00-00 00:00:00'),
(366, '2021-10-02 11:00:00', '2021-10-02 11:30:00', 20, 20, 1, 1, '0000-00-00 00:00:00'),
(367, '2021-10-02 11:30:00', '2021-10-02 12:00:00', 20, 20, 1, 1, '0000-00-00 00:00:00'),
(368, '2021-10-02 12:00:00', '2021-10-02 12:30:00', 20, 20, 1, 1, '0000-00-00 00:00:00'),
(369, '2021-10-02 12:30:00', '2021-10-02 13:00:00', 20, 20, 1, 1, '0000-00-00 00:00:00'),
(370, '2021-10-02 13:00:00', '2021-10-02 13:30:00', 20, 20, 1, 1, '0000-00-00 00:00:00'),
(371, '2021-10-02 13:30:00', '2021-10-02 14:00:00', 20, 20, 1, 1, '0000-00-00 00:00:00'),
(372, '2021-10-02 14:00:00', '2021-10-02 14:30:00', 20, 20, 1, 1, '0000-00-00 00:00:00'),
(373, '2021-10-02 14:30:00', '2021-10-02 15:00:00', 20, 20, 1, 1, '0000-00-00 00:00:00'),
(374, '2021-10-02 15:00:00', '2021-10-02 15:30:00', 20, 20, 1, 1, '0000-00-00 00:00:00'),
(375, '2021-10-02 15:30:00', '2021-10-02 16:00:00', 20, 20, 1, 1, '0000-00-00 00:00:00'),
(376, '2021-10-02 16:00:00', '2021-10-02 16:30:00', 20, 20, 1, 1, '0000-00-00 00:00:00'),
(377, '2021-10-03 10:00:00', '2021-10-03 10:30:00', 20, 20, 1, 1, '0000-00-00 00:00:00'),
(378, '2021-10-03 10:30:00', '2021-10-03 11:00:00', 20, 20, 1, 1, '0000-00-00 00:00:00'),
(379, '2021-10-03 11:00:00', '2021-10-03 11:30:00', 20, 20, 1, 1, '0000-00-00 00:00:00'),
(380, '2021-10-03 11:30:00', '2021-10-03 12:00:00', 20, 20, 1, 1, '0000-00-00 00:00:00'),
(381, '2021-10-03 12:00:00', '2021-10-03 12:30:00', 20, 20, 1, 1, '0000-00-00 00:00:00'),
(382, '2021-10-03 12:30:00', '2021-10-03 13:00:00', 20, 20, 1, 1, '0000-00-00 00:00:00'),
(383, '2021-10-03 13:00:00', '2021-10-03 13:30:00', 20, 20, 1, 1, '0000-00-00 00:00:00'),
(384, '2021-10-03 13:30:00', '2021-10-03 14:00:00', 20, 20, 1, 1, '0000-00-00 00:00:00'),
(385, '2021-10-03 14:00:00', '2021-10-03 14:30:00', 20, 20, 1, 1, '0000-00-00 00:00:00'),
(386, '2021-10-03 14:30:00', '2021-10-03 15:00:00', 20, 20, 1, 1, '0000-00-00 00:00:00'),
(387, '2021-10-03 15:00:00', '2021-10-03 15:30:00', 20, 20, 1, 1, '0000-00-00 00:00:00'),
(388, '2021-10-03 15:30:00', '2021-10-03 16:00:00', 20, 20, 1, 1, '0000-00-00 00:00:00'),
(389, '2021-10-03 16:00:00', '2021-10-03 16:30:00', 20, 20, 1, 1, '0000-00-00 00:00:00'),
(390, '2021-10-04 10:00:00', '2021-10-04 10:30:00', 20, 20, 1, 1, '0000-00-00 00:00:00'),
(391, '2021-10-04 10:30:00', '2021-10-04 11:00:00', 20, 20, 1, 1, '0000-00-00 00:00:00'),
(392, '2021-10-04 11:00:00', '2021-10-04 11:30:00', 20, 20, 1, 1, '0000-00-00 00:00:00'),
(393, '2021-10-04 11:30:00', '2021-10-04 12:00:00', 20, 20, 1, 1, '0000-00-00 00:00:00'),
(394, '2021-10-04 12:00:00', '2021-10-04 12:30:00', 20, 20, 1, 1, '0000-00-00 00:00:00'),
(395, '2021-10-04 12:30:00', '2021-10-04 13:00:00', 20, 20, 1, 1, '0000-00-00 00:00:00'),
(396, '2021-10-04 13:00:00', '2021-10-04 13:30:00', 20, 20, 1, 1, '0000-00-00 00:00:00'),
(397, '2021-10-04 13:30:00', '2021-10-04 14:00:00', 20, 20, 1, 1, '0000-00-00 00:00:00'),
(398, '2021-10-04 14:00:00', '2021-10-04 14:30:00', 20, 20, 1, 1, '0000-00-00 00:00:00'),
(399, '2021-10-04 14:30:00', '2021-10-04 15:00:00', 20, 20, 1, 1, '0000-00-00 00:00:00'),
(400, '2021-10-04 15:00:00', '2021-10-04 15:30:00', 20, 20, 1, 1, '0000-00-00 00:00:00'),
(401, '2021-10-04 15:30:00', '2021-10-04 16:00:00', 20, 20, 1, 1, '0000-00-00 00:00:00'),
(402, '2021-10-04 16:00:00', '2021-10-04 16:30:00', 20, 20, 1, 1, '0000-00-00 00:00:00'),
(403, '2021-10-05 10:00:00', '2021-10-05 10:30:00', 20, 20, 1, 1, '0000-00-00 00:00:00'),
(404, '2021-10-05 10:30:00', '2021-10-05 11:00:00', 20, 20, 1, 1, '0000-00-00 00:00:00'),
(405, '2021-10-05 11:00:00', '2021-10-05 11:30:00', 20, 20, 1, 1, '0000-00-00 00:00:00'),
(406, '2021-10-05 11:30:00', '2021-10-05 12:00:00', 20, 20, 1, 1, '0000-00-00 00:00:00'),
(407, '2021-10-05 12:00:00', '2021-10-05 12:30:00', 20, 20, 1, 1, '0000-00-00 00:00:00'),
(408, '2021-10-05 12:30:00', '2021-10-05 13:00:00', 20, 20, 1, 1, '0000-00-00 00:00:00'),
(409, '2021-10-05 13:00:00', '2021-10-05 13:30:00', 20, 20, 1, 1, '0000-00-00 00:00:00'),
(410, '2021-10-05 13:30:00', '2021-10-05 14:00:00', 20, 20, 1, 1, '0000-00-00 00:00:00'),
(411, '2021-10-05 14:00:00', '2021-10-05 14:30:00', 20, 20, 1, 1, '0000-00-00 00:00:00'),
(412, '2021-10-05 14:30:00', '2021-10-05 15:00:00', 20, 20, 1, 1, '0000-00-00 00:00:00'),
(413, '2021-10-05 15:00:00', '2021-10-05 15:30:00', 20, 20, 1, 1, '0000-00-00 00:00:00'),
(414, '2021-10-05 15:30:00', '2021-10-05 16:00:00', 20, 20, 1, 1, '0000-00-00 00:00:00'),
(415, '2021-10-05 16:00:00', '2021-10-05 16:30:00', 20, 20, 1, 1, '0000-00-00 00:00:00'),
(416, '2021-10-06 10:00:00', '2021-10-06 10:30:00', 20, 20, 1, 1, '0000-00-00 00:00:00'),
(417, '2021-10-06 10:30:00', '2021-10-06 11:00:00', 20, 20, 1, 1, '0000-00-00 00:00:00'),
(418, '2021-10-06 11:00:00', '2021-10-06 11:30:00', 20, 20, 1, 1, '0000-00-00 00:00:00'),
(419, '2021-10-06 11:30:00', '2021-10-06 12:00:00', 20, 20, 1, 1, '0000-00-00 00:00:00'),
(420, '2021-10-06 12:00:00', '2021-10-06 12:30:00', 20, 20, 1, 1, '0000-00-00 00:00:00'),
(421, '2021-10-06 12:30:00', '2021-10-06 13:00:00', 20, 20, 1, 1, '0000-00-00 00:00:00'),
(422, '2021-10-06 13:00:00', '2021-10-06 13:30:00', 20, 20, 1, 1, '0000-00-00 00:00:00'),
(423, '2021-10-06 13:30:00', '2021-10-06 14:00:00', 20, 20, 1, 1, '0000-00-00 00:00:00'),
(424, '2021-10-06 14:00:00', '2021-10-06 14:30:00', 20, 20, 1, 1, '0000-00-00 00:00:00'),
(425, '2021-10-06 14:30:00', '2021-10-06 15:00:00', 20, 20, 1, 1, '0000-00-00 00:00:00'),
(426, '2021-10-06 15:00:00', '2021-10-06 15:30:00', 20, 20, 1, 1, '0000-00-00 00:00:00'),
(427, '2021-10-06 15:30:00', '2021-10-06 16:00:00', 20, 20, 1, 1, '0000-00-00 00:00:00'),
(428, '2021-10-06 16:00:00', '2021-10-06 16:30:00', 20, 20, 1, 1, '0000-00-00 00:00:00'),
(429, '2021-10-07 10:00:00', '2021-10-07 10:30:00', 20, 20, 1, 1, '0000-00-00 00:00:00'),
(430, '2021-10-07 10:30:00', '2021-10-07 11:00:00', 20, 20, 1, 1, '0000-00-00 00:00:00'),
(431, '2021-10-07 11:00:00', '2021-10-07 11:30:00', 20, 20, 1, 1, '0000-00-00 00:00:00'),
(432, '2021-10-07 11:30:00', '2021-10-07 12:00:00', 20, 20, 1, 1, '0000-00-00 00:00:00'),
(433, '2021-10-07 12:00:00', '2021-10-07 12:30:00', 20, 20, 1, 1, '0000-00-00 00:00:00'),
(434, '2021-10-07 12:30:00', '2021-10-07 13:00:00', 20, 20, 1, 1, '0000-00-00 00:00:00'),
(435, '2021-10-07 13:00:00', '2021-10-07 13:30:00', 20, 20, 1, 1, '0000-00-00 00:00:00'),
(436, '2021-10-07 13:30:00', '2021-10-07 14:00:00', 20, 20, 1, 1, '0000-00-00 00:00:00'),
(437, '2021-10-07 14:00:00', '2021-10-07 14:30:00', 20, 20, 1, 1, '0000-00-00 00:00:00'),
(438, '2021-10-07 14:30:00', '2021-10-07 15:00:00', 20, 20, 1, 1, '0000-00-00 00:00:00'),
(439, '2021-10-07 15:00:00', '2021-10-07 15:30:00', 20, 20, 1, 1, '0000-00-00 00:00:00'),
(440, '2021-10-07 15:30:00', '2021-10-07 16:00:00', 20, 20, 1, 1, '0000-00-00 00:00:00'),
(441, '2021-10-07 16:00:00', '2021-10-07 16:30:00', 20, 20, 1, 1, '0000-00-00 00:00:00'),
(442, '2021-10-08 10:00:00', '2021-10-08 10:30:00', 20, 20, 1, 1, '0000-00-00 00:00:00'),
(443, '2021-10-08 10:30:00', '2021-10-08 11:00:00', 20, 20, 1, 1, '0000-00-00 00:00:00'),
(444, '2021-10-08 11:00:00', '2021-10-08 11:30:00', 20, 20, 1, 1, '0000-00-00 00:00:00'),
(445, '2021-10-08 11:30:00', '2021-10-08 12:00:00', 20, 20, 1, 1, '0000-00-00 00:00:00'),
(446, '2021-10-08 12:00:00', '2021-10-08 12:30:00', 20, 20, 1, 1, '0000-00-00 00:00:00'),
(447, '2021-10-08 12:30:00', '2021-10-08 13:00:00', 20, 20, 1, 1, '0000-00-00 00:00:00'),
(448, '2021-10-08 13:00:00', '2021-10-08 13:30:00', 20, 20, 1, 1, '0000-00-00 00:00:00'),
(449, '2021-10-08 13:30:00', '2021-10-08 14:00:00', 20, 20, 1, 1, '0000-00-00 00:00:00'),
(450, '2021-10-08 14:00:00', '2021-10-08 14:30:00', 20, 20, 1, 1, '0000-00-00 00:00:00'),
(451, '2021-10-08 14:30:00', '2021-10-08 15:00:00', 20, 20, 1, 1, '0000-00-00 00:00:00'),
(452, '2021-10-08 15:00:00', '2021-10-08 15:30:00', 20, 20, 1, 1, '0000-00-00 00:00:00'),
(453, '2021-10-08 15:30:00', '2021-10-08 16:00:00', 20, 20, 1, 1, '0000-00-00 00:00:00'),
(454, '2021-10-08 16:00:00', '2021-10-08 16:30:00', 20, 20, 1, 1, '0000-00-00 00:00:00'),
(455, '2021-10-09 10:00:00', '2021-10-09 10:30:00', 20, 20, 1, 1, '0000-00-00 00:00:00'),
(456, '2021-10-09 10:30:00', '2021-10-09 11:00:00', 20, 20, 1, 1, '0000-00-00 00:00:00'),
(457, '2021-10-09 11:00:00', '2021-10-09 11:30:00', 20, 20, 1, 1, '0000-00-00 00:00:00'),
(458, '2021-10-09 11:30:00', '2021-10-09 12:00:00', 20, 20, 1, 1, '0000-00-00 00:00:00'),
(459, '2021-10-09 12:00:00', '2021-10-09 12:30:00', 20, 20, 1, 1, '0000-00-00 00:00:00'),
(460, '2021-10-09 12:30:00', '2021-10-09 13:00:00', 20, 20, 1, 1, '0000-00-00 00:00:00'),
(461, '2021-10-09 13:00:00', '2021-10-09 13:30:00', 20, 20, 1, 1, '0000-00-00 00:00:00'),
(462, '2021-10-09 13:30:00', '2021-10-09 14:00:00', 20, 20, 1, 1, '0000-00-00 00:00:00'),
(463, '2021-10-09 14:00:00', '2021-10-09 14:30:00', 20, 20, 1, 1, '0000-00-00 00:00:00'),
(464, '2021-10-09 14:30:00', '2021-10-09 15:00:00', 20, 20, 1, 1, '0000-00-00 00:00:00'),
(465, '2021-10-09 15:00:00', '2021-10-09 15:30:00', 20, 20, 1, 1, '0000-00-00 00:00:00'),
(466, '2021-10-09 15:30:00', '2021-10-09 16:00:00', 20, 20, 1, 1, '0000-00-00 00:00:00'),
(467, '2021-10-09 16:00:00', '2021-10-09 16:30:00', 20, 20, 1, 1, '0000-00-00 00:00:00'),
(468, '2021-09-29 18:00:00', '2021-09-29 18:30:00', 20, 20, 1, 2, '2021-09-28 18:50:27'),
(469, '2021-09-29 18:30:00', '2021-09-29 19:00:00', 20, 20, 1, 1, '0000-00-00 00:00:00'),
(470, '2021-09-29 19:00:00', '2021-09-29 19:30:00', 20, 20, 1, 1, '0000-00-00 00:00:00'),
(471, '2021-09-30 18:00:00', '2021-09-30 18:30:00', 20, 20, 1, 1, '0000-00-00 00:00:00'),
(472, '2021-09-30 18:30:00', '2021-09-30 19:00:00', 20, 20, 1, 1, '0000-00-00 00:00:00'),
(473, '2021-09-30 19:00:00', '2021-09-30 19:30:00', 20, 20, 1, 1, '0000-00-00 00:00:00'),
(474, '2021-10-01 18:00:00', '2021-10-01 18:30:00', 20, 20, 1, 1, '0000-00-00 00:00:00'),
(475, '2021-10-01 18:30:00', '2021-10-01 19:00:00', 20, 20, 1, 1, '0000-00-00 00:00:00'),
(476, '2021-10-01 19:00:00', '2021-10-01 19:30:00', 20, 20, 1, 1, '0000-00-00 00:00:00'),
(477, '2021-10-02 18:00:00', '2021-10-02 18:30:00', 20, 20, 1, 1, '0000-00-00 00:00:00'),
(478, '2021-10-02 18:30:00', '2021-10-02 19:00:00', 20, 20, 1, 1, '0000-00-00 00:00:00'),
(479, '2021-10-02 19:00:00', '2021-10-02 19:30:00', 20, 20, 1, 1, '0000-00-00 00:00:00'),
(480, '2021-10-03 18:00:00', '2021-10-03 18:30:00', 20, 20, 1, 1, '0000-00-00 00:00:00'),
(481, '2021-10-03 18:30:00', '2021-10-03 19:00:00', 20, 20, 1, 1, '0000-00-00 00:00:00'),
(482, '2021-10-03 19:00:00', '2021-10-03 19:30:00', 20, 20, 1, 1, '0000-00-00 00:00:00'),
(483, '2021-10-04 18:00:00', '2021-10-04 18:30:00', 20, 20, 1, 1, '0000-00-00 00:00:00'),
(484, '2021-10-04 18:30:00', '2021-10-04 19:00:00', 20, 20, 1, 1, '0000-00-00 00:00:00'),
(485, '2021-10-04 19:00:00', '2021-10-04 19:30:00', 20, 20, 1, 1, '0000-00-00 00:00:00'),
(486, '2021-10-05 18:00:00', '2021-10-05 18:30:00', 20, 20, 1, 1, '0000-00-00 00:00:00'),
(487, '2021-10-05 18:30:00', '2021-10-05 19:00:00', 20, 20, 1, 1, '0000-00-00 00:00:00'),
(488, '2021-10-05 19:00:00', '2021-10-05 19:30:00', 20, 20, 1, 1, '0000-00-00 00:00:00'),
(489, '2021-10-06 18:00:00', '2021-10-06 18:30:00', 20, 20, 1, 1, '0000-00-00 00:00:00'),
(490, '2021-10-06 18:30:00', '2021-10-06 19:00:00', 20, 20, 1, 1, '0000-00-00 00:00:00'),
(491, '2021-10-06 19:00:00', '2021-10-06 19:30:00', 20, 20, 1, 1, '0000-00-00 00:00:00'),
(492, '2021-10-07 18:00:00', '2021-10-07 18:30:00', 20, 20, 1, 1, '0000-00-00 00:00:00'),
(493, '2021-10-07 18:30:00', '2021-10-07 19:00:00', 20, 20, 1, 1, '0000-00-00 00:00:00'),
(494, '2021-10-07 19:00:00', '2021-10-07 19:30:00', 20, 20, 1, 1, '0000-00-00 00:00:00'),
(495, '2021-10-08 18:00:00', '2021-10-08 18:30:00', 20, 20, 1, 1, '0000-00-00 00:00:00'),
(496, '2021-10-08 18:30:00', '2021-10-08 19:00:00', 20, 20, 1, 1, '0000-00-00 00:00:00'),
(497, '2021-10-08 19:00:00', '2021-10-08 19:30:00', 20, 20, 1, 1, '0000-00-00 00:00:00');

-- --------------------------------------------------------

--
-- Estructura de tabla para la tabla `parametros`
--

CREATE TABLE `parametros` (
  `id_parametro` int(10) NOT NULL,
  `parametro_nombre` varchar(200) NOT NULL,
  `parametro_valor` longtext NOT NULL
) ENGINE=InnoDB DEFAULT CHARSET=latin1;

--
-- Volcado de datos para la tabla `parametros`
--

INSERT INTO `parametros` (`id_parametro`, `parametro_nombre`, `parametro_valor`) VALUES
(1, 'mail_host', 'smtp.office365.com'),
(2, 'mail_username', 'reservas@jbb.gov.co'),
(3, 'mail_password', 'Jardin21..*'),
(4, 'mail_fromname', 'JBB'),
(5, 'sms_account', '10010582'),
(6, 'sms_apiKey', 'Hf0E6JTGOa5GFsPkylqyRcci9HpVWy'),
(7, 'sms_token', '5ff70357bc6a4646c400ca3bc8f6c462'),
(8, 'popup', '');

-- --------------------------------------------------------

--
-- Estructura de tabla para la tabla `param_menu`
--

CREATE TABLE `param_menu` (
  `id_menu` int(3) NOT NULL,
  `menu_name` varchar(50) NOT NULL,
  `menu_url` varchar(200) NOT NULL DEFAULT '0',
  `menu_icon` varchar(50) NOT NULL,
  `menu_order` int(1) NOT NULL,
  `menu_type` tinyint(1) NOT NULL COMMENT '1:Left; 2:Top',
  `menu_state` tinyint(1) NOT NULL DEFAULT 1 COMMENT '1:Active; 2:Inactive'
) ENGINE=InnoDB DEFAULT CHARSET=latin1;

--
-- Volcado de datos para la tabla `param_menu`
--

INSERT INTO `param_menu` (`id_menu`, `menu_name`, `menu_url`, `menu_icon`, `menu_order`, `menu_type`, `menu_state`) VALUES
(1, 'Configuración', '', 'fa-gear', 1, 2, 1),
(2, '', '', 'fa-user', 6, 2, 1),
(3, 'Administrar acceso sistema', '', 'fa-cogs', 5, 2, 1),
(4, 'Manual', 'files/Manual_administracion.pdf', 'fa-book ', 2, 2, 1);

-- --------------------------------------------------------

--
-- Estructura de tabla para la tabla `param_menu_access`
--

CREATE TABLE `param_menu_access` (
  `id_access` int(3) NOT NULL,
  `fk_id_menu` int(3) NOT NULL,
  `fk_id_link` int(3) NOT NULL,
  `fk_id_role` int(1) NOT NULL
) ENGINE=InnoDB DEFAULT CHARSET=latin1;

--
-- Volcado de datos para la tabla `param_menu_access`
--

INSERT INTO `param_menu_access` (`id_access`, `fk_id_menu`, `fk_id_link`, `fk_id_role`) VALUES
(6, 1, 6, 99),
(7, 1, 7, 99),
(10, 1, 8, 99),
(8, 2, 4, 1),
(4, 2, 4, 99),
(5, 2, 5, 99),
(1, 3, 1, 99),
(2, 3, 2, 99),
(3, 3, 3, 99),
(9, 4, 0, 99);

-- --------------------------------------------------------

--
-- Estructura de tabla para la tabla `param_menu_links`
--

CREATE TABLE `param_menu_links` (
  `id_link` int(3) NOT NULL,
  `fk_id_menu` int(3) NOT NULL,
  `link_name` varchar(100) NOT NULL,
  `link_url` varchar(200) NOT NULL,
  `link_icon` varchar(50) NOT NULL,
  `order` int(1) NOT NULL,
  `date_issue` datetime NOT NULL,
  `link_state` tinyint(1) NOT NULL COMMENT '1:Active;2:Inactive',
  `link_type` tinyint(1) NOT NULL COMMENT '1:System URL;2:Complete URL; 3:Divider; 4:Complete URL, Videos; 5:Complete URL, Manuals'
) ENGINE=InnoDB DEFAULT CHARSET=latin1;

--
-- Volcado de datos para la tabla `param_menu_links`
--

INSERT INTO `param_menu_links` (`id_link`, `fk_id_menu`, `link_name`, `link_url`, `link_icon`, `order`, `date_issue`, `link_state`, `link_type`) VALUES
(1, 3, 'Enlaces Menú', 'access/menu', 'fa-link', 1, '2021-02-16 06:21:56', 1, 1),
(2, 3, 'Enlaces Submenú', 'access/links', 'fa-link', 2, '2021-02-16 06:21:56', 1, 1),
(3, 3, 'Acceso Roles', 'access/role_access', 'fa-puzzle-piece', 4, '2021-02-16 06:21:56', 1, 1),
(4, 2, 'Cambiar Contraseña', 'usuarios', 'fa-lock', 1, '2021-02-16 06:28:04', 1, 1),
(5, 2, 'Salir', 'menu/salir', 'fa-sign-out', 2, '2021-02-16 06:29:08', 1, 1),
(6, 1, 'Usuarios', 'settings/employee/1', 'fa-users', 1, '2021-02-16 08:39:49', 1, 1),
(7, 1, 'Horarios', 'settings/horarios', 'fa-briefcase', 2, '2021-02-16 08:52:26', 1, 1),
(8, 1, 'Pop-Up', 'settings/popup', 'fa-thumb-tack', 4, '2021-05-19 16:13:44', 1, 1);

-- --------------------------------------------------------

--
-- Estructura de tabla para la tabla `param_role`
--

CREATE TABLE `param_role` (
  `id_role` int(1) NOT NULL,
  `role_name` varchar(100) NOT NULL,
  `description` text NOT NULL,
  `style` varchar(50) NOT NULL,
  `dashboard_url` varchar(200) NOT NULL
) ENGINE=InnoDB DEFAULT CHARSET=latin1;

--
-- Volcado de datos para la tabla `param_role`
--

INSERT INTO `param_role` (`id_role`, `role_name`, `description`, `style`, `dashboard_url`) VALUES
(1, 'Administrador', 'Se encarga de la configuracion del sistema. Cargar tabla de Usuarios.', 'text-success', 'dashboard/admin'),
(99, 'SUPER ADMIN', 'Con acceso a todo el sistema, encargaado de tablas parametricas del sistema.', 'text-danger', 'dashboard/admin'),
(100, 'Consulta', 'Solo tiene acceso al dashboard, para ver listado de visitas', 'text-violeta', 'dashboard/admin');

-- --------------------------------------------------------

--
-- Estructura de tabla para la tabla `reservas`
--

CREATE TABLE `reservas` (
  `id_reserva` int(10) NOT NULL,
  `fk_id_horario` int(10) NOT NULL,
  `correo_electronico` varchar(100) NOT NULL,
  `numero_contacto` varchar(12) NOT NULL,
  `numero_cupos_usados` tinyint(1) NOT NULL DEFAULT 0,
  `qr_code_img` varchar(250) NOT NULL,
  `qr_code_llave` varchar(30) NOT NULL,
  `estado_reserva` tinyint(1) NOT NULL DEFAULT 1 COMMENT '1:Habilitado;2:Deshabilitado',
  `fecha_cancelacion` datetime DEFAULT NULL
) ENGINE=InnoDB DEFAULT CHARSET=latin1;

--
-- Volcado de datos para la tabla `reservas`
--

INSERT INTO `reservas` (`id_reserva`, `fk_id_horario`, `correo_electronico`, `numero_contacto`, `numero_cupos_usados`, `qr_code_img`, `qr_code_llave`, `estado_reserva`, `fecha_cancelacion`) VALUES
(1, 193, 'benmotta@gmail.com', '3162490927', 3, 'images/reservas/QR/m4LJtz1DwpTjZoWPwgrJ1_qr_code.png', 'm4LJtz1DwpTjZoWPwgrJ1', 1, NULL),
(2, 194, 'benmotta@gmail.com', '3162490927', 2, 'images/reservas/QR/sb7zPYrkdv6xflIxzh9p2_qr_code.png', 'sb7zPYrkdv6xflIxzh9p2', 1, NULL),
(3, 194, 'benmotta@gmail.com', '3162490927', 2, 'images/reservas/QR/48qkd8X1NoK640u5aoSc3_qr_code.png', '48qkd8X1NoK640u5aoSc3', 1, NULL),
(4, 194, 'benmotta@gmail.com', '3162490927', 2, 'images/reservas/QR/ZZRGFNy6PtNKDL3DodPr4_qr_code.png', 'ZZRGFNy6PtNKDL3DodPr4', 1, NULL),
(5, 194, 'benmotta@gmail.com', '3162490927', 2, 'images/reservas/QR/f3LhIEHWNpBOc8eaQyig5_qr_code.png', 'f3LhIEHWNpBOc8eaQyig5', 1, NULL),
(6, 194, 'benmotta@gmail.com', '3162490927', 2, 'images/reservas/QR/ZxnBcnxbH4FW0XSiw4Hu6_qr_code.png', 'ZxnBcnxbH4FW0XSiw4Hu6', 1, NULL),
(7, 194, 'benmotta@gmail.com', '3162490927', 2, 'images/reservas/QR/KRT5CZ2IpjvFXlvy4d6P7_qr_code.png', 'KRT5CZ2IpjvFXlvy4d6P7', 1, NULL),
(8, 192, 'benmotta@gmail.com', '3162490927', 2, 'images/reservas/QR/zpfteJSvYIsgRjIWCGJJ8_qr_code.png', 'zpfteJSvYIsgRjIWCGJJ8', 1, NULL),
(9, 192, 'benmotta@gmail.com', '3162490927', 2, 'images/reservas/QR/wypPoCjZ6zbdOZLA8UhQ9_qr_code.png', 'wypPoCjZ6zbdOZLA8UhQ9', 1, NULL),
(10, 192, 'asdfasdftta@dafail.com', '3162490927', 2, 'images/reservas/QR/bXddU5ce9a56STvwcyQP10_qr_code.png', 'bXddU5ce9a56STvwcyQP10', 1, NULL),
(11, 193, 'benmotta@gmail.com', '3162490927', 3, 'images/reservas/QR/LZnAWiUZJD7bBObEmYsc11_qr_code.png', 'LZnAWiUZJD7bBObEmYsc11', 1, NULL),
(12, 191, 'benmotta@gmail.com', '3162490927', 1, 'images/reservas/QR/i5ZruHJTEfDpZR9P5dg612_qr_code.png', 'i5ZruHJTEfDpZR9P5dg612', 1, NULL),
(13, 191, 'benmotta@gmail.com', '3162490927', 3, 'images/reservas/QR/VgY6bZqcpZ72dbbmZsFK13_qr_code.png', 'VgY6bZqcpZ72dbbmZsFK13', 1, NULL),
(14, 192, 'benmotta@gmail.com', '3162490927', 4, 'images/reservas/QR/FAYCOtWTpoiw7MeU3F6x14_qr_code.png', 'FAYCOtWTpoiw7MeU3F6x14', 1, NULL),
(15, 236, 'benmotta@gmail.com', '3162490927', 2, 'images/reservas/QR/MaPzVqRgGcCTdelVuXDr15_qr_code.png', 'MaPzVqRgGcCTdelVuXDr15', 2, '2021-07-31 17:28:53'),
(16, 236, 'benmotta@gmail.cpm', '3162490927', 7, 'images/reservas/QR/DDn4IaV9VO7NCPb4lONL16_qr_code.png', 'DDn4IaV9VO7NCPb4lONL16', 1, NULL);

-- --------------------------------------------------------

--
-- Estructura de tabla para la tabla `reservas_usuarios`
--

CREATE TABLE `reservas_usuarios` (
  `id_reserva_usuarios` int(10) NOT NULL,
  `fk_id_reserva` int(11) NOT NULL,
  `nombre_completo` varchar(200) NOT NULL
) ENGINE=InnoDB DEFAULT CHARSET=latin1;

--
-- Volcado de datos para la tabla `reservas_usuarios`
--

INSERT INTO `reservas_usuarios` (`id_reserva_usuarios`, `fk_id_reserva`, `nombre_completo`) VALUES
(1, 1, 'Ben Motta'),
(2, 1, 'Paola motta'),
(3, 1, 'Diana motta'),
(4, 2, 'juanito'),
(5, 2, 'perenejito'),
(6, 3, 'juanito'),
(7, 3, 'perenejito'),
(8, 4, 'juanito'),
(9, 4, 'perenejito'),
(10, 5, 'juanito'),
(11, 5, 'perenejito'),
(12, 6, 'juanito'),
(13, 6, 'perenejito'),
(14, 7, 'juanito'),
(15, 7, 'perenejito'),
(16, 8, 'uno'),
(17, 8, 'dos'),
(18, 9, 'tres'),
(19, 9, 'cuatro'),
(20, 10, 'cinco'),
(21, 10, 'seis'),
(22, 11, 'diez'),
(23, 11, 'once'),
(24, 11, 'doce'),
(25, 12, 'once'),
(26, 13, 'treinta'),
(27, 13, 'cuarenta'),
(28, 13, 'cincuenta'),
(29, 14, 'mil'),
(30, 14, 'dis mil'),
(31, 14, 'tres mil'),
(32, 14, 'cuatro mil'),
(33, 15, 'Ben MOtta'),
(34, 15, 'ANyle Ramos'),
(35, 16, 'Benjamin Motta'),
(36, 16, 'asdf'),
(37, 16, 'adsfa'),
(38, 16, 'asdf'),
(39, 16, 'adsf'),
(40, 16, 'asdf'),
(41, 16, 'asdf');

-- --------------------------------------------------------

--
-- Estructura de tabla para la tabla `usuarios`
--

CREATE TABLE `usuarios` (
  `id_user` int(10) NOT NULL,
  `first_name` varchar(50) NOT NULL,
  `last_name` varchar(50) NOT NULL,
  `log_user` varchar(50) NOT NULL,
  `movil` varchar(12) NOT NULL,
  `email` varchar(70) DEFAULT NULL,
  `password` varchar(50) NOT NULL,
  `state` int(1) NOT NULL DEFAULT 0 COMMENT '0: newUser; 1:active; 2:inactive',
  `fk_id_user_role` int(1) NOT NULL DEFAULT 7 COMMENT '99: Super Admin;',
  `photo` varchar(250) NOT NULL
) ENGINE=MyISAM DEFAULT CHARSET=latin1;

--
-- Volcado de datos para la tabla `usuarios`
--

INSERT INTO `usuarios` (`id_user`, `first_name`, `last_name`, `log_user`, `movil`, `email`, `password`, `state`, `fk_id_user_role`, `photo`) VALUES
(1, 'Benjamin', 'Motta', 'Bmottag', '4034089921', 'benmotta@gmail.com', '67b56225f00ae43560fc471bcf3bb820', 1, 99, 'images/usuarios/thumbs/1.JPG'),
(2, 'Administrador', 'Administrador', 'admin', '234523425', 'admin@gmail.com', '81fccaf9f00a8441b77b18fa2c8010f4', 1, 1, ''),
(3, 'Consulta', 'Consulta', 'consultaJBB', '3162490927', 'consulta@jbb.gov.co', 'e10adc3949ba59abbe56e057f20f883e', 0, 100, '');

-- --------------------------------------------------------

--
-- Estructura de tabla para la tabla `usuarios_llave_contraseña`
--

CREATE TABLE `usuarios_llave_contraseña` (
  `id_llave` int(10) NOT NULL,
  `fk_id_user_ulc` int(10) NOT NULL,
  `email_user` varchar(70) NOT NULL,
  `llave` varchar(100) NOT NULL
) ENGINE=InnoDB DEFAULT CHARSET=latin1;

--
-- Índices para tablas volcadas
--

--
-- Indices de la tabla `captcha`
--
ALTER TABLE `captcha`
  ADD PRIMARY KEY (`captcha_id`),
  ADD KEY `word` (`word`);

--
-- Indices de la tabla `horarios`
--
ALTER TABLE `horarios`
  ADD PRIMARY KEY (`id_horario`);

--
-- Indices de la tabla `parametros`
--
ALTER TABLE `parametros`
  ADD PRIMARY KEY (`id_parametro`),
  ADD UNIQUE KEY `parametro_nombre` (`parametro_nombre`);

--
-- Indices de la tabla `param_menu`
--
ALTER TABLE `param_menu`
  ADD PRIMARY KEY (`id_menu`),
  ADD KEY `menu_type` (`menu_type`);

--
-- Indices de la tabla `param_menu_access`
--
ALTER TABLE `param_menu_access`
  ADD PRIMARY KEY (`id_access`),
  ADD UNIQUE KEY `indice_principal` (`fk_id_menu`,`fk_id_link`,`fk_id_role`),
  ADD KEY `fk_id_menu` (`fk_id_menu`),
  ADD KEY `fk_id_role` (`fk_id_role`),
  ADD KEY `fk_id_link` (`fk_id_link`);

--
-- Indices de la tabla `param_menu_links`
--
ALTER TABLE `param_menu_links`
  ADD PRIMARY KEY (`id_link`),
  ADD KEY `fk_id_menu` (`fk_id_menu`),
  ADD KEY `link_type` (`link_type`);

--
-- Indices de la tabla `param_role`
--
ALTER TABLE `param_role`
  ADD PRIMARY KEY (`id_role`);

--
-- Indices de la tabla `reservas`
--
ALTER TABLE `reservas`
  ADD PRIMARY KEY (`id_reserva`),
  ADD UNIQUE KEY `qr_code_llave` (`qr_code_llave`),
  ADD KEY `fk_id_horario` (`fk_id_horario`);

--
-- Indices de la tabla `reservas_usuarios`
--
ALTER TABLE `reservas_usuarios`
  ADD PRIMARY KEY (`id_reserva_usuarios`),
  ADD KEY `fk_id_reserva` (`fk_id_reserva`);

--
-- Indices de la tabla `usuarios`
--
ALTER TABLE `usuarios`
  ADD PRIMARY KEY (`id_user`),
  ADD UNIQUE KEY `log_user` (`log_user`),
  ADD UNIQUE KEY `email` (`email`),
  ADD KEY `perfil` (`fk_id_user_role`);

--
-- Indices de la tabla `usuarios_llave_contraseña`
--
ALTER TABLE `usuarios_llave_contraseña`
  ADD PRIMARY KEY (`id_llave`),
  ADD KEY `fk_id_user_ulc` (`fk_id_user_ulc`);

--
-- AUTO_INCREMENT de las tablas volcadas
--

--
-- AUTO_INCREMENT de la tabla `captcha`
--
ALTER TABLE `captcha`
  MODIFY `captcha_id` bigint(13) UNSIGNED NOT NULL AUTO_INCREMENT;

--
-- AUTO_INCREMENT de la tabla `horarios`
--
ALTER TABLE `horarios`
  MODIFY `id_horario` int(10) NOT NULL AUTO_INCREMENT, AUTO_INCREMENT=498;

--
-- AUTO_INCREMENT de la tabla `parametros`
--
ALTER TABLE `parametros`
  MODIFY `id_parametro` int(10) NOT NULL AUTO_INCREMENT, AUTO_INCREMENT=9;

--
-- AUTO_INCREMENT de la tabla `param_menu`
--
ALTER TABLE `param_menu`
  MODIFY `id_menu` int(3) NOT NULL AUTO_INCREMENT, AUTO_INCREMENT=5;

--
-- AUTO_INCREMENT de la tabla `param_menu_access`
--
ALTER TABLE `param_menu_access`
  MODIFY `id_access` int(3) NOT NULL AUTO_INCREMENT, AUTO_INCREMENT=11;

--
-- AUTO_INCREMENT de la tabla `param_menu_links`
--
ALTER TABLE `param_menu_links`
  MODIFY `id_link` int(3) NOT NULL AUTO_INCREMENT, AUTO_INCREMENT=9;

--
-- AUTO_INCREMENT de la tabla `param_role`
--
ALTER TABLE `param_role`
  MODIFY `id_role` int(1) NOT NULL AUTO_INCREMENT, AUTO_INCREMENT=101;

--
-- AUTO_INCREMENT de la tabla `reservas`
--
ALTER TABLE `reservas`
  MODIFY `id_reserva` int(10) NOT NULL AUTO_INCREMENT, AUTO_INCREMENT=17;

--
-- AUTO_INCREMENT de la tabla `reservas_usuarios`
--
ALTER TABLE `reservas_usuarios`
  MODIFY `id_reserva_usuarios` int(10) NOT NULL AUTO_INCREMENT, AUTO_INCREMENT=42;

--
-- AUTO_INCREMENT de la tabla `usuarios`
--
ALTER TABLE `usuarios`
  MODIFY `id_user` int(10) NOT NULL AUTO_INCREMENT, AUTO_INCREMENT=4;

--
-- AUTO_INCREMENT de la tabla `usuarios_llave_contraseña`
--
ALTER TABLE `usuarios_llave_contraseña`
  MODIFY `id_llave` int(10) NOT NULL AUTO_INCREMENT;

--
-- Restricciones para tablas volcadas
--

--
-- Filtros para la tabla `param_menu_access`
--
ALTER TABLE `param_menu_access`
  ADD CONSTRAINT `param_menu_access_ibfk_1` FOREIGN KEY (`fk_id_role`) REFERENCES `param_role` (`id_role`) ON DELETE CASCADE ON UPDATE CASCADE,
  ADD CONSTRAINT `param_menu_access_ibfk_2` FOREIGN KEY (`fk_id_menu`) REFERENCES `param_menu` (`id_menu`) ON DELETE CASCADE ON UPDATE CASCADE;

--
-- Filtros para la tabla `param_menu_links`
--
ALTER TABLE `param_menu_links`
  ADD CONSTRAINT `param_menu_links_ibfk_1` FOREIGN KEY (`fk_id_menu`) REFERENCES `param_menu` (`id_menu`) ON DELETE CASCADE ON UPDATE CASCADE;

--
-- Filtros para la tabla `reservas`
--
ALTER TABLE `reservas`
  ADD CONSTRAINT `reservas_ibfk_1` FOREIGN KEY (`fk_id_horario`) REFERENCES `horarios` (`id_horario`) ON DELETE NO ACTION ON UPDATE CASCADE;

--
-- Filtros para la tabla `reservas_usuarios`
--
ALTER TABLE `reservas_usuarios`
  ADD CONSTRAINT `reservas_usuarios_ibfk_1` FOREIGN KEY (`fk_id_reserva`) REFERENCES `reservas` (`id_reserva`) ON DELETE NO ACTION ON UPDATE CASCADE;
COMMIT;

/*!40101 SET CHARACTER_SET_CLIENT=@OLD_CHARACTER_SET_CLIENT */;
/*!40101 SET CHARACTER_SET_RESULTS=@OLD_CHARACTER_SET_RESULTS */;
/*!40101 SET COLLATION_CONNECTION=@OLD_COLLATION_CONNECTION */;
